Domain Code,Domain,Area Code (M49),Area,Element Code,Element,Item Code,Item,Year Code,Year,Unit,Value,Flag,Flag Description,Note
FS,Suite of Food Security Indicators,840,United States of America,6121,Value,21010,Average dietary energy supply adequacy (percent) (3-year average),20092011,2009-2011,%,145,E,Estimated value,
FS,Suite of Food Security Indicators,840,United States of America,6121,Value,21010,Average dietary energy supply adequacy (percent) (3-year average),20102012,2010-2012,%,147,E,Estimated value,
FS,Suite of Food Security Indicators,840,United States of America,6121,Value,21010,Average dietary energy supply adequacy (percent) (3-year average),20112013,2011-2013,%,147,E,Estimated value,
FS,Suite of Food Security Indicators,840,United States of America,6121,Value,21010,Average dietary energy supply adequacy (percent) (3-year average),20122014,2012-2014,%,147,E,Estimated value,
FS,Suite of Food Security Indicators,840,United States of America,6121,Value,21010,Average dietary energy supply adequacy (percent) (3-year average),20132015,2013-2015,%,147,E,Estimated value,
FS,Suite of Food Security Indicators,840,United States of America,6121,Value,21010,Average dietary energy supply adequacy (percent) (3-year average),20142016,2014-2016,%,147,E,Estimated value,
FS,Suite of Food Security Indicators,840,United States of America,6121,Value,21010,Average dietary energy supply adequacy (percent) (3-year average),20152017,2015-2017,%,148,E,Estimated value,
FS,Suite of Food Security Indicators,840,United States of America,6121,Value,21010,Average dietary energy supply adequacy (percent) (3-year average),20162018,2016-2018,%,149,E,Estimated value,
FS,Suite of Food Security Indicators,840,United States of America,6121,Value,21010,Average dietary energy supply adequacy (percent) (3-year average),20172019,2017-2019,%,150,E,Estimated value,
FS,Suite of Food Security Indicators,840,United States of America,6121,Value,21010,Average dietary energy supply adequacy (percent) (3-year average),20182020,2018-2020,%,151,E,Estimated value,
FS,Suite of Food Security Indicators,840,United States of America,6121,Value,21010,Average dietary energy supply adequacy (percent) (3-year average),20192021,2019-2021,%,152,E,Estimated value,
FS,Suite of Food Security Indicators,840,United States of America,6121,Value,21010,Average dietary energy supply adequacy (percent) (3-year average),20202022,2020-2022,%,153,E,Estimated value,
FS,Suite of Food Security Indicators,840,United States of America,6121,Value,21012,"Share of dietary energy supply derived from cereals, roots and tubers (kcal/cap/day) (3-year average)",20092011,2009-2011,%,24,E,Estimated value,
FS,Suite of Food Security Indicators,840,United States of America,6121,Value,21012,"Share of dietary energy supply derived from cereals, roots and tubers (kcal/cap/day) (3-year average)",20102012,2010-2012,%,24,E,Estimated value,
FS,Suite of Food Security Indicators,840,United States of America,6121,Value,21012,"Share of dietary energy supply derived from cereals, roots and tubers (kcal/cap/day) (3-year average)",20112013,2011-2013,%,24,E,Estimated value,
FS,Suite of Food Security Indicators,840,United States of America,6121,Value,21012,"Share of dietary energy supply derived from cereals, roots and tubers (kcal/cap/day) (3-year average)",20122014,2012-2014,%,24,E,Estimated value,
FS,Suite of Food Security Indicators,840,United States of America,6121,Value,21012,"Share of dietary energy supply derived from cereals, roots and tubers (kcal/cap/day) (3-year average)",20132015,2013-2015,%,24,E,Estimated value,
FS,Suite of Food Security Indicators,840,United States of America,6121,Value,21012,"Share of dietary energy supply derived from cereals, roots and tubers (kcal/cap/day) (3-year average)",20142016,2014-2016,%,24,E,Estimated value,
FS,Suite of Food Security Indicators,840,United States of America,6121,Value,21012,"Share of dietary energy supply derived from cereals, roots and tubers (kcal/cap/day) (3-year average)",20152017,2015-2017,%,24,E,Estimated value,
FS,Suite of Food Security Indicators,840,United States of America,6121,Value,21012,"Share of dietary energy supply derived from cereals, roots and tubers (kcal/cap/day) (3-year average)",20162018,2016-2018,%,24,E,Estimated value,
FS,Suite of Food Security Indicators,840,United States of America,6121,Value,21012,"Share of dietary energy supply derived from cereals, roots and tubers (kcal/cap/day) (3-year average)",20172019,2017-2019,%,24,E,Estimated value,
FS,Suite of Food Security Indicators,840,United States of America,6121,Value,21012,"Share of dietary energy supply derived from cereals, roots and tubers (kcal/cap/day) (3-year average)",20182020,2018-2020,%,24,E,Estimated value,
FS,Suite of Food Security Indicators,840,United States of America,6123,Value,21013,Average protein supply (g/cap/day) (3-year average),20092011,2009-2011,g/pc/d,109.3,E,Estimated value,
FS,Suite of Food Security Indicators,840,United States of America,6123,Value,21013,Average protein supply (g/cap/day) (3-year average),20102012,2010-2012,g/pc/d,109,E,Estimated value,
FS,Suite of Food Security Indicators,840,United States of America,6123,Value,21013,Average protein supply (g/cap/day) (3-year average),20112013,2011-2013,g/pc/d,108.7,E,Estimated value,
FS,Suite of Food Security Indicators,840,United States of America,6123,Value,21013,Average protein supply (g/cap/day) (3-year average),20122014,2012-2014,g/pc/d,109.3,E,Estimated value,
FS,Suite of Food Security Indicators,840,United States of America,6123,Value,21013,Average protein supply (g/cap/day) (3-year average),20132015,2013-2015,g/pc/d,110,E,Estimated value,
FS,Suite of Food Security Indicators,840,United States of America,6123,Value,21013,Average protein supply (g/cap/day) (3-year average),20142016,2014-2016,g/pc/d,111,E,Estimated value,
FS,Suite of Food Security Indicators,840,United States of America,6123,Value,21013,Average protein supply (g/cap/day) (3-year average),20152017,2015-2017,g/pc/d,112,E,Estimated value,
FS,Suite of Food Security Indicators,840,United States of America,6123,Value,21013,Average protein supply (g/cap/day) (3-year average),20162018,2016-2018,g/pc/d,113.3,E,Estimated value,
FS,Suite of Food Security Indicators,840,United States of America,6123,Value,21013,Average protein supply (g/cap/day) (3-year average),20172019,2017-2019,g/pc/d,114.7,E,Estimated value,
FS,Suite of Food Security Indicators,840,United States of America,6123,Value,21013,Average protein supply (g/cap/day) (3-year average),20182020,2018-2020,g/pc/d,116.3,E,Estimated value,
FS,Suite of Food Security Indicators,840,United States of America,6123,Value,21014,Average supply of protein of animal origin (g/cap/day) (3-year average),20092011,2009-2011,g/pc/d,70,E,Estimated value,
FS,Suite of Food Security Indicators,840,United States of America,6123,Value,21014,Average supply of protein of animal origin (g/cap/day) (3-year average),20102012,2010-2012,g/pc/d,69.3,E,Estimated value,
FS,Suite of Food Security Indicators,840,United States of America,6123,Value,21014,Average supply of protein of animal origin (g/cap/day) (3-year average),20112013,2011-2013,g/pc/d,69,E,Estimated value,
FS,Suite of Food Security Indicators,840,United States of America,6123,Value,21014,Average supply of protein of animal origin (g/cap/day) (3-year average),20122014,2012-2014,g/pc/d,69.3,E,Estimated value,
FS,Suite of Food Security Indicators,840,United States of America,6123,Value,21014,Average supply of protein of animal origin (g/cap/day) (3-year average),20132015,2013-2015,g/pc/d,70,E,Estimated value,
FS,Suite of Food Security Indicators,840,United States of America,6123,Value,21014,Average supply of protein of animal origin (g/cap/day) (3-year average),20142016,2014-2016,g/pc/d,71,E,Estimated value,
FS,Suite of Food Security Indicators,840,United States of America,6123,Value,21014,Average supply of protein of animal origin (g/cap/day) (3-year average),20152017,2015-2017,g/pc/d,72,E,Estimated value,
FS,Suite of Food Security Indicators,840,United States of America,6123,Value,21014,Average supply of protein of animal origin (g/cap/day) (3-year average),20162018,2016-2018,g/pc/d,73,E,Estimated value,
FS,Suite of Food Security Indicators,840,United States of America,6123,Value,21014,Average supply of protein of animal origin (g/cap/day) (3-year average),20172019,2017-2019,g/pc/d,74.3,E,Estimated value,
FS,Suite of Food Security Indicators,840,United States of America,6123,Value,21014,Average supply of protein of animal origin (g/cap/day) (3-year average),20182020,2018-2020,g/pc/d,75.3,E,Estimated value,
FS,Suite of Food Security Indicators,840,United States of America,6124,Value,21016,Rail lines density (total route in km per 100 square km of land area),2010,2010,km,2,X,Figure from international organizations,
FS,Suite of Food Security Indicators,840,United States of America,6124,Value,21016,Rail lines density (total route in km per 100 square km of land area),2011,2011,km,2,X,Figure from international organizations,
FS,Suite of Food Security Indicators,840,United States of America,6124,Value,21016,Rail lines density (total route in km per 100 square km of land area),2012,2012,km,1.6,X,Figure from international organizations,
FS,Suite of Food Security Indicators,840,United States of America,6124,Value,21016,Rail lines density (total route in km per 100 square km of land area),2013,2013,km,1.6,X,Figure from international organizations,
FS,Suite of Food Security Indicators,840,United States of America,6124,Value,21016,Rail lines density (total route in km per 100 square km of land area),2014,2014,km,1.6,X,Figure from international organizations,
FS,Suite of Food Security Indicators,840,United States of America,6124,Value,21016,Rail lines density (total route in km per 100 square km of land area),2015,2015,km,1.5,X,Figure from international organizations,
FS,Suite of Food Security Indicators,840,United States of America,6124,Value,21016,Rail lines density (total route in km per 100 square km of land area),2016,2016,km,1.5,X,Figure from international organizations,
FS,Suite of Food Security Indicators,840,United States of America,6124,Value,21016,Rail lines density (total route in km per 100 square km of land area),2017,2017,km,1.5,X,Figure from international organizations,
FS,Suite of Food Security Indicators,840,United States of America,6124,Value,21016,Rail lines density (total route in km per 100 square km of land area),2018,2018,km,1.5,X,Figure from international organizations,
FS,Suite of Food Security Indicators,840,United States of America,6124,Value,21016,Rail lines density (total route in km per 100 square km of land area),2019,2019,km,1.5,X,Figure from international organizations,
FS,Suite of Food Security Indicators,840,United States of America,6124,Value,21016,Rail lines density (total route in km per 100 square km of land area),2020,2020,km,1.5,X,Figure from international organizations,
FS,Suite of Food Security Indicators,840,United States of America,6126,Value,22013,"Gross domestic product per capita, PPP, (constant 2017 international $)",2010,2010,I$,54516.9,X,Figure from international organizations,
FS,Suite of Food Security Indicators,840,United States of America,6126,Value,22013,"Gross domestic product per capita, PPP, (constant 2017 international $)",2011,2011,I$,54960.9,X,Figure from international organizations,
FS,Suite of Food Security Indicators,840,United States of America,6126,Value,22013,"Gross domestic product per capita, PPP, (constant 2017 international $)",2012,2012,I$,55803.5,X,Figure from international organizations,
FS,Suite of Food Security Indicators,840,United States of America,6126,Value,22013,"Gross domestic product per capita, PPP, (constant 2017 international $)",2013,2013,I$,56438.9,X,Figure from international organizations,
FS,Suite of Food Security Indicators,840,United States of America,6126,Value,22013,"Gross domestic product per capita, PPP, (constant 2017 international $)",2014,2014,I$,57308.3,X,Figure from international organizations,
FS,Suite of Food Security Indicators,840,United States of America,6126,Value,22013,"Gross domestic product per capita, PPP, (constant 2017 international $)",2015,2015,I$,58427.6,X,Figure from international organizations,
FS,Suite of Food Security Indicators,840,United States of America,6126,Value,22013,"Gross domestic product per capita, PPP, (constant 2017 international $)",2016,2016,I$,58972.9,X,Figure from international organizations,
FS,Suite of Food Security Indicators,840,United States of America,6126,Value,22013,"Gross domestic product per capita, PPP, (constant 2017 international $)",2017,2017,I$,59914.8,X,Figure from international organizations,
FS,Suite of Food Security Indicators,840,United States of America,6126,Value,22013,"Gross domestic product per capita, PPP, (constant 2017 international $)",2018,2018,I$,61355.6,X,Figure from international organizations,
FS,Suite of Food Security Indicators,840,United States of America,6126,Value,22013,"Gross domestic product per capita, PPP, (constant 2017 international $)",2019,2019,I$,62478.3,X,Figure from international organizations,
FS,Suite of Food Security Indicators,840,United States of America,6126,Value,22013,"Gross domestic product per capita, PPP, (constant 2017 international $)",2020,2020,I$,60167.9,X,Figure from international organizations,
FS,Suite of Food Security Indicators,840,United States of America,6126,Value,22013,"Gross domestic product per capita, PPP, (constant 2017 international $)",2021,2021,I$,63669.7,X,Figure from international organizations,
FS,Suite of Food Security Indicators,840,United States of America,6121,Value,210041,Prevalence of undernourishment (percent) (3-year average),20092011,2009-2011,%,<2.5,E,Estimated value,
FS,Suite of Food Security Indicators,840,United States of America,6121,Value,210041,Prevalence of undernourishment (percent) (3-year average),20102012,2010-2012,%,<2.5,E,Estimated value,
FS,Suite of Food Security Indicators,840,United States of America,6121,Value,210041,Prevalence of undernourishment (percent) (3-year average),20112013,2011-2013,%,<2.5,E,Estimated value,
FS,Suite of Food Security Indicators,840,United States of America,6121,Value,210041,Prevalence of undernourishment (percent) (3-year average),20122014,2012-2014,%,<2.5,E,Estimated value,
FS,Suite of Food Security Indicators,840,United States of America,6121,Value,210041,Prevalence of undernourishment (percent) (3-year average),20132015,2013-2015,%,<2.5,E,Estimated value,
FS,Suite of Food Security Indicators,840,United States of America,6121,Value,210041,Prevalence of undernourishment (percent) (3-year average),20142016,2014-2016,%,<2.5,E,Estimated value,
FS,Suite of Food Security Indicators,840,United States of America,6121,Value,210041,Prevalence of undernourishment (percent) (3-year average),20152017,2015-2017,%,<2.5,E,Estimated value,
FS,Suite of Food Security Indicators,840,United States of America,6121,Value,210041,Prevalence of undernourishment (percent) (3-year average),20162018,2016-2018,%,<2.5,E,Estimated value,
FS,Suite of Food Security Indicators,840,United States of America,6121,Value,210041,Prevalence of undernourishment (percent) (3-year average),20172019,2017-2019,%,<2.5,E,Estimated value,
FS,Suite of Food Security Indicators,840,United States of America,6121,Value,210041,Prevalence of undernourishment (percent) (3-year average),20182020,2018-2020,%,<2.5,E,Estimated value,
FS,Suite of Food Security Indicators,840,United States of America,6121,Value,210041,Prevalence of undernourishment (percent) (3-year average),20192021,2019-2021,%,<2.5,E,Estimated value,
FS,Suite of Food Security Indicators,840,United States of America,6121,Value,210041,Prevalence of undernourishment (percent) (3-year average),20202022,2020-2022,%,<2.5,E,Estimated value,
FS,Suite of Food Security Indicators,840,United States of America,6132,Value,210011,Number of people undernourished (million) (3-year average),20092011,2009-2011,million No,,Q,Missing value; suppressed,
FS,Suite of Food Security Indicators,840,United States of America,6132,Value,210011,Number of people undernourished (million) (3-year average),20102012,2010-2012,million No,,Q,Missing value; suppressed,
FS,Suite of Food Security Indicators,840,United States of America,6132,Value,210011,Number of people undernourished (million) (3-year average),20112013,2011-2013,million No,,Q,Missing value; suppressed,
FS,Suite of Food Security Indicators,840,United States of America,6132,Value,210011,Number of people undernourished (million) (3-year average),20122014,2012-2014,million No,,Q,Missing value; suppressed,
FS,Suite of Food Security Indicators,840,United States of America,6132,Value,210011,Number of people undernourished (million) (3-year average),20132015,2013-2015,million No,,Q,Missing value; suppressed,
FS,Suite of Food Security Indicators,840,United States of America,6132,Value,210011,Number of people undernourished (million) (3-year average),20142016,2014-2016,million No,,Q,Missing value; suppressed,
FS,Suite of Food Security Indicators,840,United States of America,6132,Value,210011,Number of people undernourished (million) (3-year average),20152017,2015-2017,million No,,Q,Missing value; suppressed,
FS,Suite of Food Security Indicators,840,United States of America,6132,Value,210011,Number of people undernourished (million) (3-year average),20162018,2016-2018,million No,,Q,Missing value; suppressed,
FS,Suite of Food Security Indicators,840,United States of America,6132,Value,210011,Number of people undernourished (million) (3-year average),20172019,2017-2019,million No,,Q,Missing value; suppressed,
FS,Suite of Food Security Indicators,840,United States of America,6132,Value,210011,Number of people undernourished (million) (3-year average),20182020,2018-2020,million No,,Q,Missing value; suppressed,
FS,Suite of Food Security Indicators,840,United States of America,6132,Value,210011,Number of people undernourished (million) (3-year average),20192021,2019-2021,million No,,Q,Missing value; suppressed,
FS,Suite of Food Security Indicators,840,United States of America,6132,Value,210011,Number of people undernourished (million) (3-year average),20202022,2020-2022,million No,,Q,Missing value; suppressed,
FS,Suite of Food Security Indicators,840,United States of America,6121,Value,210401,Prevalence of severe food insecurity in the total population (percent) (3-year average),20142016,2014-2016,%,1.1,A,Official figure,Official estimate
FS,Suite of Food Security Indicators,840,United States of America,6121,Value,210401,Prevalence of severe food insecurity in the total population (percent) (3-year average),20152017,2015-2017,%,1,A,Official figure,Official estimate
FS,Suite of Food Security Indicators,840,United States of America,6121,Value,210401,Prevalence of severe food insecurity in the total population (percent) (3-year average),20162018,2016-2018,%,0.9,A,Official figure,Official estimate
FS,Suite of Food Security Indicators,840,United States of America,6121,Value,210401,Prevalence of severe food insecurity in the total population (percent) (3-year average),20172019,2017-2019,%,0.8,A,Official figure,Official estimate
FS,Suite of Food Security Indicators,840,United States of America,6121,Value,210401,Prevalence of severe food insecurity in the total population (percent) (3-year average),20182020,2018-2020,%,0.8,A,Official figure,Official estimate
FS,Suite of Food Security Indicators,840,United States of America,6121,Value,210401,Prevalence of severe food insecurity in the total population (percent) (3-year average),20192021,2019-2021,%,0.7,A,Official figure,Official estimate
FS,Suite of Food Security Indicators,840,United States of America,6121,Value,210401,Prevalence of severe food insecurity in the total population (percent) (3-year average),20202022,2020-2022,%,0.7,A,Official figure,Official estimate
FS,Suite of Food Security Indicators,840,United States of America,6121,Value,210401M,Prevalence of severe food insecurity in the male adult population (percent) (3-year average),20142016,2014-2016,%,1.1,A,Official figure,Official estimate
FS,Suite of Food Security Indicators,840,United States of America,6121,Value,210401M,Prevalence of severe food insecurity in the male adult population (percent) (3-year average),20152017,2015-2017,%,0.9,A,Official figure,Official estimate
FS,Suite of Food Security Indicators,840,United States of America,6121,Value,210401M,Prevalence of severe food insecurity in the male adult population (percent) (3-year average),20162018,2016-2018,%,0.9,A,Official figure,Official estimate
FS,Suite of Food Security Indicators,840,United States of America,6121,Value,210401M,Prevalence of severe food insecurity in the male adult population (percent) (3-year average),20172019,2017-2019,%,0.7,A,Official figure,Official estimate
FS,Suite of Food Security Indicators,840,United States of America,6121,Value,210401M,Prevalence of severe food insecurity in the male adult population (percent) (3-year average),20182020,2018-2020,%,0.7,A,Official figure,Official estimate
FS,Suite of Food Security Indicators,840,United States of America,6121,Value,210401M,Prevalence of severe food insecurity in the male adult population (percent) (3-year average),20192021,2019-2021,%,0.7,A,Official figure,Official estimate
FS,Suite of Food Security Indicators,840,United States of America,6121,Value,210401M,Prevalence of severe food insecurity in the male adult population (percent) (3-year average),20202022,2020-2022,%,0.6,A,Official figure,Official estimate
FS,Suite of Food Security Indicators,840,United States of America,6121,Value,210401F,Prevalence of severe food insecurity in the female adult population (percent) (3-year average),20142016,2014-2016,%,1,A,Official figure,Official estimate
FS,Suite of Food Security Indicators,840,United States of America,6121,Value,210401F,Prevalence of severe food insecurity in the female adult population (percent) (3-year average),20152017,2015-2017,%,1,A,Official figure,Official estimate
FS,Suite of Food Security Indicators,840,United States of America,6121,Value,210401F,Prevalence of severe food insecurity in the female adult population (percent) (3-year average),20162018,2016-2018,%,0.9,A,Official figure,Official estimate
FS,Suite of Food Security Indicators,840,United States of America,6121,Value,210401F,Prevalence of severe food insecurity in the female adult population (percent) (3-year average),20172019,2017-2019,%,0.9,A,Official figure,Official estimate
FS,Suite of Food Security Indicators,840,United States of America,6121,Value,210401F,Prevalence of severe food insecurity in the female adult population (percent) (3-year average),20182020,2018-2020,%,0.8,A,Official figure,Official estimate
FS,Suite of Food Security Indicators,840,United States of America,6121,Value,210401F,Prevalence of severe food insecurity in the female adult population (percent) (3-year average),20192021,2019-2021,%,0.8,A,Official figure,Official estimate
FS,Suite of Food Security Indicators,840,United States of America,6121,Value,210401F,Prevalence of severe food insecurity in the female adult population (percent) (3-year average),20202022,2020-2022,%,0.8,A,Official figure,Official estimate
FS,Suite of Food Security Indicators,840,United States of America,6121,Value,210091,Prevalence of moderate or severe food insecurity in the total population (percent) (3-year average),20142016,2014-2016,%,10.5,A,Official figure,Official estimate
FS,Suite of Food Security Indicators,840,United States of America,6121,Value,210091,Prevalence of moderate or severe food insecurity in the total population (percent) (3-year average),20152017,2015-2017,%,9.8,A,Official figure,Official estimate
FS,Suite of Food Security Indicators,840,United States of America,6121,Value,210091,Prevalence of moderate or severe food insecurity in the total population (percent) (3-year average),20162018,2016-2018,%,8.9,A,Official figure,Official estimate
FS,Suite of Food Security Indicators,840,United States of America,6121,Value,210091,Prevalence of moderate or severe food insecurity in the total population (percent) (3-year average),20172019,2017-2019,%,8.4,A,Official figure,Official estimate
FS,Suite of Food Security Indicators,840,United States of America,6121,Value,210091,Prevalence of moderate or severe food insecurity in the total population (percent) (3-year average),20182020,2018-2020,%,8.2,A,Official figure,Official estimate
FS,Suite of Food Security Indicators,840,United States of America,6121,Value,210091,Prevalence of moderate or severe food insecurity in the total population (percent) (3-year average),20192021,2019-2021,%,8,A,Official figure,Official estimate
FS,Suite of Food Security Indicators,840,United States of America,6121,Value,210091,Prevalence of moderate or severe food insecurity in the total population (percent) (3-year average),20202022,2020-2022,%,7.8,A,Official figure,Official estimate
FS,Suite of Food Security Indicators,840,United States of America,6121,Value,210091M,Prevalence of moderate or severe food insecurity in the male adult population (percent) (3-year average),20142016,2014-2016,%,9.4,A,Official figure,Official estimate
FS,Suite of Food Security Indicators,840,United States of America,6121,Value,210091M,Prevalence of moderate or severe food insecurity in the male adult population (percent) (3-year average),20152017,2015-2017,%,8.8,A,Official figure,Official estimate
FS,Suite of Food Security Indicators,840,United States of America,6121,Value,210091M,Prevalence of moderate or severe food insecurity in the male adult population (percent) (3-year average),20162018,2016-2018,%,8.1,A,Official figure,Official estimate
FS,Suite of Food Security Indicators,840,United States of America,6121,Value,210091M,Prevalence of moderate or severe food insecurity in the male adult population (percent) (3-year average),20172019,2017-2019,%,7.7,A,Official figure,Official estimate
FS,Suite of Food Security Indicators,840,United States of America,6121,Value,210091M,Prevalence of moderate or severe food insecurity in the male adult population (percent) (3-year average),20182020,2018-2020,%,7.5,A,Official figure,Official estimate
FS,Suite of Food Security Indicators,840,United States of America,6121,Value,210091M,Prevalence of moderate or severe food insecurity in the male adult population (percent) (3-year average),20192021,2019-2021,%,7,A,Official figure,Official estimate
FS,Suite of Food Security Indicators,840,United States of America,6121,Value,210091M,Prevalence of moderate or severe food insecurity in the male adult population (percent) (3-year average),20202022,2020-2022,%,6.6,A,Official figure,Official estimate
FS,Suite of Food Security Indicators,840,United States of America,6121,Value,210091F,Prevalence of moderate or severe food insecurity in the female adult population (percent) (3-year average),20142016,2014-2016,%,11.5,A,Official figure,Official estimate
FS,Suite of Food Security Indicators,840,United States of America,6121,Value,210091F,Prevalence of moderate or severe food insecurity in the female adult population (percent) (3-year average),20152017,2015-2017,%,10.8,A,Official figure,Official estimate
FS,Suite of Food Security Indicators,840,United States of America,6121,Value,210091F,Prevalence of moderate or severe food insecurity in the female adult population (percent) (3-year average),20162018,2016-2018,%,9.7,A,Official figure,Official estimate
FS,Suite of Food Security Indicators,840,United States of America,6121,Value,210091F,Prevalence of moderate or severe food insecurity in the female adult population (percent) (3-year average),20172019,2017-2019,%,9.1,A,Official figure,Official estimate
FS,Suite of Food Security Indicators,840,United States of America,6121,Value,210091F,Prevalence of moderate or severe food insecurity in the female adult population (percent) (3-year average),20182020,2018-2020,%,8.9,A,Official figure,Official estimate
FS,Suite of Food Security Indicators,840,United States of America,6121,Value,210091F,Prevalence of moderate or severe food insecurity in the female adult population (percent) (3-year average),20192021,2019-2021,%,8.9,A,Official figure,Official estimate
FS,Suite of Food Security Indicators,840,United States of America,6121,Value,210091F,Prevalence of moderate or severe food insecurity in the female adult population (percent) (3-year average),20202022,2020-2022,%,9.1,A,Official figure,Official estimate
FS,Suite of Food Security Indicators,840,United States of America,6132,Value,210071,Number of severely food insecure people (million) (3-year average),20142016,2014-2016,million No,3.5,A,Official figure,Official estimate
FS,Suite of Food Security Indicators,840,United States of America,6132,Value,210071,Number of severely food insecure people (million) (3-year average),20152017,2015-2017,million No,3.2,A,Official figure,Official estimate
FS,Suite of Food Security Indicators,840,United States of America,6132,Value,210071,Number of severely food insecure people (million) (3-year average),20162018,2016-2018,million No,3,A,Official figure,Official estimate
FS,Suite of Food Security Indicators,840,United States of America,6132,Value,210071,Number of severely food insecure people (million) (3-year average),20172019,2017-2019,million No,2.7,A,Official figure,Official estimate
FS,Suite of Food Security Indicators,840,United States of America,6132,Value,210071,Number of severely food insecure people (million) (3-year average),20182020,2018-2020,million No,2.6,A,Official figure,Official estimate
FS,Suite of Food Security Indicators,840,United States of America,6132,Value,210071,Number of severely food insecure people (million) (3-year average),20192021,2019-2021,million No,2.4,A,Official figure,Official estimate
FS,Suite of Food Security Indicators,840,United States of America,6132,Value,210071,Number of severely food insecure people (million) (3-year average),20202022,2020-2022,million No,2.3,A,Official figure,Official estimate
FS,Suite of Food Security Indicators,840,United States of America,6132,Value,210071M,Number of severely food insecure male adults (million) (3-year average),20142016,2014-2016,million No,1.4,A,Official figure,Official estimate
FS,Suite of Food Security Indicators,840,United States of America,6132,Value,210071M,Number of severely food insecure male adults (million) (3-year average),20152017,2015-2017,million No,1.2,A,Official figure,Official estimate
FS,Suite of Food Security Indicators,840,United States of America,6132,Value,210071M,Number of severely food insecure male adults (million) (3-year average),20162018,2016-2018,million No,1.1,A,Official figure,Official estimate
FS,Suite of Food Security Indicators,840,United States of America,6132,Value,210071M,Number of severely food insecure male adults (million) (3-year average),20172019,2017-2019,million No,1,A,Official figure,Official estimate
FS,Suite of Food Security Indicators,840,United States of America,6132,Value,210071M,Number of severely food insecure male adults (million) (3-year average),20182020,2018-2020,million No,1,A,Official figure,Official estimate
FS,Suite of Food Security Indicators,840,United States of America,6132,Value,210071M,Number of severely food insecure male adults (million) (3-year average),20192021,2019-2021,million No,0.9,A,Official figure,Official estimate
FS,Suite of Food Security Indicators,840,United States of America,6132,Value,210071M,Number of severely food insecure male adults (million) (3-year average),20202022,2020-2022,million No,0.8,A,Official figure,Official estimate
FS,Suite of Food Security Indicators,840,United States of America,6132,Value,210071F,Number of severely food insecure female adults (million) (3-year average),20142016,2014-2016,million No,1.4,A,Official figure,Official estimate
FS,Suite of Food Security Indicators,840,United States of America,6132,Value,210071F,Number of severely food insecure female adults (million) (3-year average),20152017,2015-2017,million No,1.3,A,Official figure,Official estimate
FS,Suite of Food Security Indicators,840,United States of America,6132,Value,210071F,Number of severely food insecure female adults (million) (3-year average),20162018,2016-2018,million No,1.3,A,Official figure,Official estimate
FS,Suite of Food Security Indicators,840,United States of America,6132,Value,210071F,Number of severely food insecure female adults (million) (3-year average),20172019,2017-2019,million No,1.2,A,Official figure,Official estimate
FS,Suite of Food Security Indicators,840,United States of America,6132,Value,210071F,Number of severely food insecure female adults (million) (3-year average),20182020,2018-2020,million No,1.2,A,Official figure,Official estimate
FS,Suite of Food Security Indicators,840,United States of America,6132,Value,210071F,Number of severely food insecure female adults (million) (3-year average),20192021,2019-2021,million No,1.1,A,Official figure,Official estimate
FS,Suite of Food Security Indicators,840,United States of America,6132,Value,210071F,Number of severely food insecure female adults (million) (3-year average),20202022,2020-2022,million No,1.1,A,Official figure,Official estimate
FS,Suite of Food Security Indicators,840,United States of America,6132,Value,210081,Number of moderately or severely food insecure people (million) (3-year average),20142016,2014-2016,million No,34,A,Official figure,Official estimate
FS,Suite of Food Security Indicators,840,United States of America,6132,Value,210081,Number of moderately or severely food insecure people (million) (3-year average),20152017,2015-2017,million No,31.9,A,Official figure,Official estimate
FS,Suite of Food Security Indicators,840,United States of America,6132,Value,210081,Number of moderately or severely food insecure people (million) (3-year average),20162018,2016-2018,million No,29.4,A,Official figure,Official estimate
FS,Suite of Food Security Indicators,840,United States of America,6132,Value,210081,Number of moderately or severely food insecure people (million) (3-year average),20172019,2017-2019,million No,27.9,A,Official figure,Official estimate
FS,Suite of Food Security Indicators,840,United States of America,6132,Value,210081,Number of moderately or severely food insecure people (million) (3-year average),20182020,2018-2020,million No,27.4,A,Official figure,Official estimate
FS,Suite of Food Security Indicators,840,United States of America,6132,Value,210081,Number of moderately or severely food insecure people (million) (3-year average),20192021,2019-2021,million No,26.7,A,Official figure,Official estimate
FS,Suite of Food Security Indicators,840,United States of America,6132,Value,210081,Number of moderately or severely food insecure people (million) (3-year average),20202022,2020-2022,million No,26.4,A,Official figure,Official estimate
FS,Suite of Food Security Indicators,840,United States of America,6132,Value,210081M,Number of moderately or severely food insecure male adults (million) (3-year average),20142016,2014-2016,million No,12.1,A,Official figure,Official estimate
FS,Suite of Food Security Indicators,840,United States of America,6132,Value,210081M,Number of moderately or severely food insecure male adults (million) (3-year average),20152017,2015-2017,million No,11.4,A,Official figure,Official estimate
FS,Suite of Food Security Indicators,840,United States of America,6132,Value,210081M,Number of moderately or severely food insecure male adults (million) (3-year average),20162018,2016-2018,million No,10.6,A,Official figure,Official estimate
FS,Suite of Food Security Indicators,840,United States of America,6132,Value,210081M,Number of moderately or severely food insecure male adults (million) (3-year average),20172019,2017-2019,million No,10.2,A,Official figure,Official estimate
FS,Suite of Food Security Indicators,840,United States of America,6132,Value,210081M,Number of moderately or severely food insecure male adults (million) (3-year average),20182020,2018-2020,million No,10,A,Official figure,Official estimate
FS,Suite of Food Security Indicators,840,United States of America,6132,Value,210081M,Number of moderately or severely food insecure male adults (million) (3-year average),20192021,2019-2021,million No,9.4,A,Official figure,Official estimate
FS,Suite of Food Security Indicators,840,United States of America,6132,Value,210081M,Number of moderately or severely food insecure male adults (million) (3-year average),20202022,2020-2022,million No,9,A,Official figure,Official estimate
FS,Suite of Food Security Indicators,840,United States of America,6132,Value,210081F,Number of moderately or severely food insecure female adults (million) (3-year average),20142016,2014-2016,million No,15.4,A,Official figure,Official estimate
FS,Suite of Food Security Indicators,840,United States of America,6132,Value,210081F,Number of moderately or severely food insecure female adults (million) (3-year average),20152017,2015-2017,million No,14.5,A,Official figure,Official estimate
FS,Suite of Food Security Indicators,840,United States of America,6132,Value,210081F,Number of moderately or severely food insecure female adults (million) (3-year average),20162018,2016-2018,million No,13.2,A,Official figure,Official estimate
FS,Suite of Food Security Indicators,840,United States of America,6132,Value,210081F,Number of moderately or severely food insecure female adults (million) (3-year average),20172019,2017-2019,million No,12.5,A,Official figure,Official estimate
FS,Suite of Food Security Indicators,840,United States of America,6132,Value,210081F,Number of moderately or severely food insecure female adults (million) (3-year average),20182020,2018-2020,million No,12.3,A,Official figure,Official estimate
FS,Suite of Food Security Indicators,840,United States of America,6132,Value,210081F,Number of moderately or severely food insecure female adults (million) (3-year average),20192021,2019-2021,million No,12.4,A,Official figure,Official estimate
FS,Suite of Food Security Indicators,840,United States of America,6132,Value,210081F,Number of moderately or severely food insecure female adults (million) (3-year average),20202022,2020-2022,million No,12.7,A,Official figure,Official estimate
FS,Suite of Food Security Indicators,840,United States of America,6121,Value,21035,Cereal import dependency ratio (percent) (3-year average),20092011,2009-2011,%,-24.7,E,Estimated value,
FS,Suite of Food Security Indicators,840,United States of America,6121,Value,21035,Cereal import dependency ratio (percent) (3-year average),20102012,2010-2012,%,-23.8,E,Estimated value,
FS,Suite of Food Security Indicators,840,United States of America,6121,Value,21035,Cereal import dependency ratio (percent) (3-year average),20112013,2011-2013,%,-19.3,E,Estimated value,
FS,Suite of Food Security Indicators,840,United States of America,6121,Value,21035,Cereal import dependency ratio (percent) (3-year average),20122014,2012-2014,%,-17.3,E,Estimated value,
FS,Suite of Food Security Indicators,840,United States of America,6121,Value,21035,Cereal import dependency ratio (percent) (3-year average),20132015,2013-2015,%,-17.6,E,Estimated value,
FS,Suite of Food Security Indicators,840,United States of America,6121,Value,21035,Cereal import dependency ratio (percent) (3-year average),20142016,2014-2016,%,-19.8,E,Estimated value,
FS,Suite of Food Security Indicators,840,United States of America,6121,Value,21035,Cereal import dependency ratio (percent) (3-year average),20152017,2015-2017,%,-20.8,E,Estimated value,
FS,Suite of Food Security Indicators,840,United States of America,6121,Value,21035,Cereal import dependency ratio (percent) (3-year average),20162018,2016-2018,%,-22.8,E,Estimated value,
FS,Suite of Food Security Indicators,840,United States of America,6121,Value,21035,Cereal import dependency ratio (percent) (3-year average),20172019,2017-2019,%,-23,E,Estimated value,
FS,Suite of Food Security Indicators,840,United States of America,6121,Value,21035,Cereal import dependency ratio (percent) (3-year average),20182020,2018-2020,%,-23.2,E,Estimated value,
FS,Suite of Food Security Indicators,840,United States of America,6121,Value,21034,Percent of arable land equipped for irrigation (percent) (3-year average),20092011,2009-2011,%,2.9,E,Estimated value,
FS,Suite of Food Security Indicators,840,United States of America,6121,Value,21034,Percent of arable land equipped for irrigation (percent) (3-year average),20102012,2010-2012,%,2.9,E,Estimated value,
FS,Suite of Food Security Indicators,840,United States of America,6121,Value,21034,Percent of arable land equipped for irrigation (percent) (3-year average),20112013,2011-2013,%,2.9,E,Estimated value,
FS,Suite of Food Security Indicators,840,United States of America,6121,Value,21034,Percent of arable land equipped for irrigation (percent) (3-year average),20122014,2012-2014,%,2.9,E,Estimated value,
FS,Suite of Food Security Indicators,840,United States of America,6121,Value,21034,Percent of arable land equipped for irrigation (percent) (3-year average),20132015,2013-2015,%,2.9,E,Estimated value,
FS,Suite of Food Security Indicators,840,United States of America,6121,Value,21034,Percent of arable land equipped for irrigation (percent) (3-year average),20142016,2014-2016,%,2.9,E,Estimated value,
FS,Suite of Food Security Indicators,840,United States of America,6121,Value,21034,Percent of arable land equipped for irrigation (percent) (3-year average),20152017,2015-2017,%,2.9,E,Estimated value,
FS,Suite of Food Security Indicators,840,United States of America,6121,Value,21034,Percent of arable land equipped for irrigation (percent) (3-year average),20162018,2016-2018,%,2.9,E,Estimated value,
FS,Suite of Food Security Indicators,840,United States of America,6121,Value,21034,Percent of arable land equipped for irrigation (percent) (3-year average),20172019,2017-2019,%,2.9,E,Estimated value,
FS,Suite of Food Security Indicators,840,United States of America,6121,Value,21034,Percent of arable land equipped for irrigation (percent) (3-year average),20182020,2018-2020,%,2.9,E,Estimated value,
FS,Suite of Food Security Indicators,840,United States of America,6121,Value,21034,Percent of arable land equipped for irrigation (percent) (3-year average),20192021,2019-2021,%,2.9,E,Estimated value,
FS,Suite of Food Security Indicators,840,United States of America,6121,Value,21033,Value of food imports in total merchandise exports (percent) (3-year average),20092011,2009-2011,%,6,E,Estimated value,
FS,Suite of Food Security Indicators,840,United States of America,6121,Value,21033,Value of food imports in total merchandise exports (percent) (3-year average),20102012,2010-2012,%,6,E,Estimated value,
FS,Suite of Food Security Indicators,840,United States of America,6121,Value,21033,Value of food imports in total merchandise exports (percent) (3-year average),20112013,2011-2013,%,6,E,Estimated value,
FS,Suite of Food Security Indicators,840,United States of America,6121,Value,21033,Value of food imports in total merchandise exports (percent) (3-year average),20122014,2012-2014,%,6,E,Estimated value,
FS,Suite of Food Security Indicators,840,United States of America,6121,Value,21033,Value of food imports in total merchandise exports (percent) (3-year average),20132015,2013-2015,%,7,E,Estimated value,
FS,Suite of Food Security Indicators,840,United States of America,6121,Value,21033,Value of food imports in total merchandise exports (percent) (3-year average),20142016,2014-2016,%,7,E,Estimated value,
FS,Suite of Food Security Indicators,840,United States of America,6121,Value,21033,Value of food imports in total merchandise exports (percent) (3-year average),20152017,2015-2017,%,8,E,Estimated value,
FS,Suite of Food Security Indicators,840,United States of America,6121,Value,21033,Value of food imports in total merchandise exports (percent) (3-year average),20162018,2016-2018,%,8,E,Estimated value,
FS,Suite of Food Security Indicators,840,United States of America,6121,Value,21033,Value of food imports in total merchandise exports (percent) (3-year average),20172019,2017-2019,%,8,E,Estimated value,
FS,Suite of Food Security Indicators,840,United States of America,6121,Value,21033,Value of food imports in total merchandise exports (percent) (3-year average),20182020,2018-2020,%,8,E,Estimated value,
FS,Suite of Food Security Indicators,840,United States of America,6121,Value,21033,Value of food imports in total merchandise exports (percent) (3-year average),20192021,2019-2021,%,9,E,Estimated value,
FS,Suite of Food Security Indicators,840,United States of America,6125,Value,21032,Political stability and absence of violence/terrorism (index),2010,2010,Index,0.44,X,Figure from international organizations,
FS,Suite of Food Security Indicators,840,United States of America,6125,Value,21032,Political stability and absence of violence/terrorism (index),2011,2011,Index,0.59,X,Figure from international organizations,
FS,Suite of Food Security Indicators,840,United States of America,6125,Value,21032,Political stability and absence of violence/terrorism (index),2012,2012,Index,0.63,X,Figure from international organizations,
FS,Suite of Food Security Indicators,840,United States of America,6125,Value,21032,Political stability and absence of violence/terrorism (index),2013,2013,Index,0.64,X,Figure from international organizations,
FS,Suite of Food Security Indicators,840,United States of America,6125,Value,21032,Political stability and absence of violence/terrorism (index),2014,2014,Index,0.58,X,Figure from international organizations,
FS,Suite of Food Security Indicators,840,United States of America,6125,Value,21032,Political stability and absence of violence/terrorism (index),2015,2015,Index,0.68,X,Figure from international organizations,
FS,Suite of Food Security Indicators,840,United States of America,6125,Value,21032,Political stability and absence of violence/terrorism (index),2016,2016,Index,0.4,X,Figure from international organizations,
FS,Suite of Food Security Indicators,840,United States of America,6125,Value,21032,Political stability and absence of violence/terrorism (index),2017,2017,Index,0.29,X,Figure from international organizations,
FS,Suite of Food Security Indicators,840,United States of America,6125,Value,21032,Political stability and absence of violence/terrorism (index),2018,2018,Index,0.42,X,Figure from international organizations,
FS,Suite of Food Security Indicators,840,United States of America,6125,Value,21032,Political stability and absence of violence/terrorism (index),2019,2019,Index,0.13,X,Figure from international organizations,
FS,Suite of Food Security Indicators,840,United States of America,6125,Value,21032,Political stability and absence of violence/terrorism (index),2020,2020,Index,0.03,X,Figure from international organizations,
FS,Suite of Food Security Indicators,840,United States of America,6125,Value,21032,Political stability and absence of violence/terrorism (index),2021,2021,Index,0,X,Figure from international organizations,
FS,Suite of Food Security Indicators,840,United States of America,6127,Value,21030,Per capita food production variability (constant 2014-2016 thousand int$ per capita),2010,2010,1000 I$,23.2,E,Estimated value,
FS,Suite of Food Security Indicators,840,United States of America,6127,Value,21030,Per capita food production variability (constant 2014-2016 thousand int$ per capita),2011,2011,1000 I$,22.8,E,Estimated value,
FS,Suite of Food Security Indicators,840,United States of America,6127,Value,21030,Per capita food production variability (constant 2014-2016 thousand int$ per capita),2012,2012,1000 I$,18.6,E,Estimated value,
FS,Suite of Food Security Indicators,840,United States of America,6127,Value,21030,Per capita food production variability (constant 2014-2016 thousand int$ per capita),2013,2013,1000 I$,27.8,E,Estimated value,
FS,Suite of Food Security Indicators,840,United States of America,6127,Value,21030,Per capita food production variability (constant 2014-2016 thousand int$ per capita),2014,2014,1000 I$,25.2,E,Estimated value,
FS,Suite of Food Security Indicators,840,United States of America,6127,Value,21030,Per capita food production variability (constant 2014-2016 thousand int$ per capita),2015,2015,1000 I$,21,E,Estimated value,
FS,Suite of Food Security Indicators,840,United States of America,6127,Value,21030,Per capita food production variability (constant 2014-2016 thousand int$ per capita),2016,2016,1000 I$,19.8,E,Estimated value,
FS,Suite of Food Security Indicators,840,United States of America,6127,Value,21030,Per capita food production variability (constant 2014-2016 thousand int$ per capita),2017,2017,1000 I$,35.8,E,Estimated value,
FS,Suite of Food Security Indicators,840,United States of America,6127,Value,21030,Per capita food production variability (constant 2014-2016 thousand int$ per capita),2018,2018,1000 I$,26.5,E,Estimated value,
FS,Suite of Food Security Indicators,840,United States of America,6127,Value,21030,Per capita food production variability (constant 2014-2016 thousand int$ per capita),2019,2019,1000 I$,25.6,E,Estimated value,
FS,Suite of Food Security Indicators,840,United States of America,6127,Value,21030,Per capita food production variability (constant 2014-2016 thousand int$ per capita),2020,2020,1000 I$,34.9,E,Estimated value,
FS,Suite of Food Security Indicators,840,United States of America,6128,Value,21031,Per capita food supply variability (kcal/cap/day),2010,2010,kcal/pc/d,62,E,Estimated value,
FS,Suite of Food Security Indicators,840,United States of America,6128,Value,21031,Per capita food supply variability (kcal/cap/day),2011,2011,kcal/pc/d,46,E,Estimated value,
FS,Suite of Food Security Indicators,840,United States of America,6128,Value,21031,Per capita food supply variability (kcal/cap/day),2012,2012,kcal/pc/d,35,E,Estimated value,
FS,Suite of Food Security Indicators,840,United States of America,6128,Value,21031,Per capita food supply variability (kcal/cap/day),2013,2013,kcal/pc/d,36,E,Estimated value,
FS,Suite of Food Security Indicators,840,United States of America,6128,Value,21031,Per capita food supply variability (kcal/cap/day),2014,2014,kcal/pc/d,40,E,Estimated value,
FS,Suite of Food Security Indicators,840,United States of America,6128,Value,21031,Per capita food supply variability (kcal/cap/day),2015,2015,kcal/pc/d,20,E,Estimated value,
FS,Suite of Food Security Indicators,840,United States of America,6128,Value,21031,Per capita food supply variability (kcal/cap/day),2016,2016,kcal/pc/d,16,E,Estimated value,
FS,Suite of Food Security Indicators,840,United States of America,6128,Value,21031,Per capita food supply variability (kcal/cap/day),2017,2017,kcal/pc/d,9,E,Estimated value,
FS,Suite of Food Security Indicators,840,United States of America,6128,Value,21031,Per capita food supply variability (kcal/cap/day),2018,2018,kcal/pc/d,9,E,Estimated value,
FS,Suite of Food Security Indicators,840,United States of America,6128,Value,21031,Per capita food supply variability (kcal/cap/day),2019,2019,kcal/pc/d,12,E,Estimated value,
FS,Suite of Food Security Indicators,840,United States of America,6128,Value,21031,Per capita food supply variability (kcal/cap/day),2020,2020,kcal/pc/d,18,E,Estimated value,
FS,Suite of Food Security Indicators,840,United States of America,6128,Value,21031,Per capita food supply variability (kcal/cap/day),2021,2021,kcal/pc/d,15,E,Estimated value,
FS,Suite of Food Security Indicators,840,United States of America,6121,Value,21045,Percentage of population using safely managed drinking water services (Percent),2010,2010,%,95.5,X,Figure from international organizations,
FS,Suite of Food Security Indicators,840,United States of America,6121,Value,21045,Percentage of population using safely managed drinking water services (Percent),2011,2011,%,95.7,X,Figure from international organizations,
FS,Suite of Food Security Indicators,840,United States of America,6121,Value,21045,Percentage of population using safely managed drinking water services (Percent),2012,2012,%,95.8,X,Figure from international organizations,
FS,Suite of Food Security Indicators,840,United States of America,6121,Value,21045,Percentage of population using safely managed drinking water services (Percent),2013,2013,%,96,X,Figure from international organizations,
FS,Suite of Food Security Indicators,840,United States of America,6121,Value,21045,Percentage of population using safely managed drinking water services (Percent),2014,2014,%,96.2,X,Figure from international organizations,
FS,Suite of Food Security Indicators,840,United States of America,6121,Value,21045,Percentage of population using safely managed drinking water services (Percent),2015,2015,%,96.4,X,Figure from international organizations,
FS,Suite of Food Security Indicators,840,United States of America,6121,Value,21045,Percentage of population using safely managed drinking water services (Percent),2016,2016,%,96.6,X,Figure from international organizations,
FS,Suite of Food Security Indicators,840,United States of America,6121,Value,21045,Percentage of population using safely managed drinking water services (Percent),2017,2017,%,96.8,X,Figure from international organizations,
FS,Suite of Food Security Indicators,840,United States of America,6121,Value,21045,Percentage of population using safely managed drinking water services (Percent),2018,2018,%,97,X,Figure from international organizations,
FS,Suite of Food Security Indicators,840,United States of America,6121,Value,21045,Percentage of population using safely managed drinking water services (Percent),2019,2019,%,97.1,X,Figure from international organizations,
FS,Suite of Food Security Indicators,840,United States of America,6121,Value,21045,Percentage of population using safely managed drinking water services (Percent),2020,2020,%,97.3,X,Figure from international organizations,
FS,Suite of Food Security Indicators,840,United States of America,6121,Value,21047,Percentage of population using at least basic drinking water services (percent),2010,2010,%,99,X,Figure from international organizations,
FS,Suite of Food Security Indicators,840,United States of America,6121,Value,21047,Percentage of population using at least basic drinking water services (percent),2011,2011,%,99,X,Figure from international organizations,
FS,Suite of Food Security Indicators,840,United States of America,6121,Value,21047,Percentage of population using at least basic drinking water services (percent),2012,2012,%,99,X,Figure from international organizations,
FS,Suite of Food Security Indicators,840,United States of America,6121,Value,21047,Percentage of population using at least basic drinking water services (percent),2013,2013,%,99,X,Figure from international organizations,
FS,Suite of Food Security Indicators,840,United States of America,6121,Value,21047,Percentage of population using at least basic drinking water services (percent),2014,2014,%,99,X,Figure from international organizations,
FS,Suite of Food Security Indicators,840,United States of America,6121,Value,21047,Percentage of population using at least basic drinking water services (percent),2015,2015,%,99,X,Figure from international organizations,
FS,Suite of Food Security Indicators,840,United States of America,6121,Value,21047,Percentage of population using at least basic drinking water services (percent),2016,2016,%,99,X,Figure from international organizations,
FS,Suite of Food Security Indicators,840,United States of America,6121,Value,21047,Percentage of population using at least basic drinking water services (percent),2017,2017,%,99,X,Figure from international organizations,
FS,Suite of Food Security Indicators,840,United States of America,6121,Value,21047,Percentage of population using at least basic drinking water services (percent),2018,2018,%,99,X,Figure from international organizations,
FS,Suite of Food Security Indicators,840,United States of America,6121,Value,21047,Percentage of population using at least basic drinking water services (percent),2019,2019,%,99,X,Figure from international organizations,
FS,Suite of Food Security Indicators,840,United States of America,6121,Value,21047,Percentage of population using at least basic drinking water services (percent),2020,2020,%,99,X,Figure from international organizations,
FS,Suite of Food Security Indicators,840,United States of America,6121,Value,21046,Percentage of population using safely managed sanitation services (Percent),2010,2010,%,98.1,X,Figure from international organizations,
FS,Suite of Food Security Indicators,840,United States of America,6121,Value,21046,Percentage of population using safely managed sanitation services (Percent),2011,2011,%,98.2,X,Figure from international organizations,
FS,Suite of Food Security Indicators,840,United States of America,6121,Value,21046,Percentage of population using safely managed sanitation services (Percent),2012,2012,%,98.2,X,Figure from international organizations,
FS,Suite of Food Security Indicators,840,United States of America,6121,Value,21046,Percentage of population using safely managed sanitation services (Percent),2013,2013,%,98.3,X,Figure from international organizations,
FS,Suite of Food Security Indicators,840,United States of America,6121,Value,21046,Percentage of population using safely managed sanitation services (Percent),2014,2014,%,98.3,X,Figure from international organizations,
FS,Suite of Food Security Indicators,840,United States of America,6121,Value,21046,Percentage of population using safely managed sanitation services (Percent),2015,2015,%,98.3,X,Figure from international organizations,
FS,Suite of Food Security Indicators,840,United States of America,6121,Value,21046,Percentage of population using safely managed sanitation services (Percent),2016,2016,%,98.3,X,Figure from international organizations,
FS,Suite of Food Security Indicators,840,United States of America,6121,Value,21046,Percentage of population using safely managed sanitation services (Percent),2017,2017,%,98.3,X,Figure from international organizations,
FS,Suite of Food Security Indicators,840,United States of America,6121,Value,21046,Percentage of population using safely managed sanitation services (Percent),2018,2018,%,98.3,X,Figure from international organizations,
FS,Suite of Food Security Indicators,840,United States of America,6121,Value,21046,Percentage of population using safely managed sanitation services (Percent),2019,2019,%,98.3,X,Figure from international organizations,
FS,Suite of Food Security Indicators,840,United States of America,6121,Value,21046,Percentage of population using safely managed sanitation services (Percent),2020,2020,%,98.3,X,Figure from international organizations,
FS,Suite of Food Security Indicators,840,United States of America,6121,Value,21048,Percentage of population using at least basic sanitation services (percent),2010,2010,%,99,X,Figure from international organizations,
FS,Suite of Food Security Indicators,840,United States of America,6121,Value,21048,Percentage of population using at least basic sanitation services (percent),2011,2011,%,99,X,Figure from international organizations,
FS,Suite of Food Security Indicators,840,United States of America,6121,Value,21048,Percentage of population using at least basic sanitation services (percent),2012,2012,%,99,X,Figure from international organizations,
FS,Suite of Food Security Indicators,840,United States of America,6121,Value,21048,Percentage of population using at least basic sanitation services (percent),2013,2013,%,99,X,Figure from international organizations,
FS,Suite of Food Security Indicators,840,United States of America,6121,Value,21048,Percentage of population using at least basic sanitation services (percent),2014,2014,%,99,X,Figure from international organizations,
FS,Suite of Food Security Indicators,840,United States of America,6121,Value,21048,Percentage of population using at least basic sanitation services (percent),2015,2015,%,99,X,Figure from international organizations,
FS,Suite of Food Security Indicators,840,United States of America,6121,Value,21048,Percentage of population using at least basic sanitation services (percent),2016,2016,%,99,X,Figure from international organizations,
FS,Suite of Food Security Indicators,840,United States of America,6121,Value,21048,Percentage of population using at least basic sanitation services (percent),2017,2017,%,99,X,Figure from international organizations,
FS,Suite of Food Security Indicators,840,United States of America,6121,Value,21048,Percentage of population using at least basic sanitation services (percent),2018,2018,%,99,X,Figure from international organizations,
FS,Suite of Food Security Indicators,840,United States of America,6121,Value,21048,Percentage of population using at least basic sanitation services (percent),2019,2019,%,99,X,Figure from international organizations,
FS,Suite of Food Security Indicators,840,United States of America,6121,Value,21048,Percentage of population using at least basic sanitation services (percent),2020,2020,%,99,X,Figure from international organizations,
FS,Suite of Food Security Indicators,840,United States of America,6121,Value,21026,Percentage of children under 5 years affected by wasting (percent),2010,2010,%,0.1,X,Figure from international organizations,
FS,Suite of Food Security Indicators,840,United States of America,6121,Value,21026,Percentage of children under 5 years affected by wasting (percent),2012,2012,%,0.3,X,Figure from international organizations,
FS,Suite of Food Security Indicators,840,United States of America,6121,Value,21026,Percentage of children under 5 years affected by wasting (percent),2014,2014,%,0.3,X,Figure from international organizations,
FS,Suite of Food Security Indicators,840,United States of America,6121,Value,21026,Percentage of children under 5 years affected by wasting (percent),2016,2016,%,0.4,X,Figure from international organizations,
FS,Suite of Food Security Indicators,840,United States of America,6121,Value,21026,Percentage of children under 5 years affected by wasting (percent),2018,2018,%,0.1,X,Figure from international organizations,
FS,Suite of Food Security Indicators,840,United States of America,6121,Value,21026,Percentage of children under 5 years affected by wasting (percent),2022,2022,%,0.1,X,Figure from international organizations,
FS,Suite of Food Security Indicators,840,United States of America,6132,Value,210260,Number of children under 5 years affected by wasting (million),2010,2010,million No,<0.1,X,Figure from international organizations,
FS,Suite of Food Security Indicators,840,United States of America,6132,Value,210260,Number of children under 5 years affected by wasting (million),2012,2012,million No,0.1,X,Figure from international organizations,
FS,Suite of Food Security Indicators,840,United States of America,6132,Value,210260,Number of children under 5 years affected by wasting (million),2014,2014,million No,0.1,X,Figure from international organizations,
FS,Suite of Food Security Indicators,840,United States of America,6132,Value,210260,Number of children under 5 years affected by wasting (million),2016,2016,million No,0.1,X,Figure from international organizations,
FS,Suite of Food Security Indicators,840,United States of America,6132,Value,210260,Number of children under 5 years affected by wasting (million),2018,2018,million No,<0.1,X,Figure from international organizations,
FS,Suite of Food Security Indicators,840,United States of America,6121,Value,21025,Percentage of children under 5 years of age who are stunted (modelled estimates) (percent),2010,2010,%,2.5,X,Figure from international organizations,
FS,Suite of Food Security Indicators,840,United States of America,6121,Value,21025,Percentage of children under 5 years of age who are stunted (modelled estimates) (percent),2011,2011,%,2.5,X,Figure from international organizations,
FS,Suite of Food Security Indicators,840,United States of America,6121,Value,21025,Percentage of children under 5 years of age who are stunted (modelled estimates) (percent),2012,2012,%,2.5,X,Figure from international organizations,
FS,Suite of Food Security Indicators,840,United States of America,6121,Value,21025,Percentage of children under 5 years of age who are stunted (modelled estimates) (percent),2013,2013,%,2.6,X,Figure from international organizations,
FS,Suite of Food Security Indicators,840,United States of America,6121,Value,21025,Percentage of children under 5 years of age who are stunted (modelled estimates) (percent),2014,2014,%,2.7,X,Figure from international organizations,
FS,Suite of Food Security Indicators,840,United States of America,6121,Value,21025,Percentage of children under 5 years of age who are stunted (modelled estimates) (percent),2015,2015,%,2.8,X,Figure from international organizations,
FS,Suite of Food Security Indicators,840,United States of America,6121,Value,21025,Percentage of children under 5 years of age who are stunted (modelled estimates) (percent),2016,2016,%,2.9,X,Figure from international organizations,
FS,Suite of Food Security Indicators,840,United States of America,6121,Value,21025,Percentage of children under 5 years of age who are stunted (modelled estimates) (percent),2017,2017,%,3,X,Figure from international organizations,
FS,Suite of Food Security Indicators,840,United States of America,6121,Value,21025,Percentage of children under 5 years of age who are stunted (modelled estimates) (percent),2018,2018,%,3.1,X,Figure from international organizations,
FS,Suite of Food Security Indicators,840,United States of America,6121,Value,21025,Percentage of children under 5 years of age who are stunted (modelled estimates) (percent),2019,2019,%,3.3,X,Figure from international organizations,
FS,Suite of Food Security Indicators,840,United States of America,6121,Value,21025,Percentage of children under 5 years of age who are stunted (modelled estimates) (percent),2020,2020,%,3.4,X,Figure from international organizations,
FS,Suite of Food Security Indicators,840,United States of America,6121,Value,21025,Percentage of children under 5 years of age who are stunted (modelled estimates) (percent),2021,2021,%,3.5,X,Figure from international organizations,
FS,Suite of Food Security Indicators,840,United States of America,6121,Value,21025,Percentage of children under 5 years of age who are stunted (modelled estimates) (percent),2022,2022,%,3.6,X,Figure from international organizations,
FS,Suite of Food Security Indicators,840,United States of America,6132,Value,210250,Number of children under 5 years of age who are stunted (modeled estimates) (million),2010,2010,million No,0.5,X,Figure from international organizations,
FS,Suite of Food Security Indicators,840,United States of America,6132,Value,210250,Number of children under 5 years of age who are stunted (modeled estimates) (million),2011,2011,million No,0.5,X,Figure from international organizations,
FS,Suite of Food Security Indicators,840,United States of America,6132,Value,210250,Number of children under 5 years of age who are stunted (modeled estimates) (million),2012,2012,million No,0.5,X,Figure from international organizations,
FS,Suite of Food Security Indicators,840,United States of America,6132,Value,210250,Number of children under 5 years of age who are stunted (modeled estimates) (million),2013,2013,million No,0.5,X,Figure from international organizations,
FS,Suite of Food Security Indicators,840,United States of America,6132,Value,210250,Number of children under 5 years of age who are stunted (modeled estimates) (million),2014,2014,million No,0.5,X,Figure from international organizations,
FS,Suite of Food Security Indicators,840,United States of America,6132,Value,210250,Number of children under 5 years of age who are stunted (modeled estimates) (million),2015,2015,million No,0.6,X,Figure from international organizations,
FS,Suite of Food Security Indicators,840,United States of America,6132,Value,210250,Number of children under 5 years of age who are stunted (modeled estimates) (million),2016,2016,million No,0.6,X,Figure from international organizations,
FS,Suite of Food Security Indicators,840,United States of America,6132,Value,210250,Number of children under 5 years of age who are stunted (modeled estimates) (million),2017,2017,million No,0.6,X,Figure from international organizations,
FS,Suite of Food Security Indicators,840,United States of America,6132,Value,210250,Number of children under 5 years of age who are stunted (modeled estimates) (million),2018,2018,million No,0.6,X,Figure from international organizations,
FS,Suite of Food Security Indicators,840,United States of America,6132,Value,210250,Number of children under 5 years of age who are stunted (modeled estimates) (million),2019,2019,million No,0.6,X,Figure from international organizations,
FS,Suite of Food Security Indicators,840,United States of America,6132,Value,210250,Number of children under 5 years of age who are stunted (modeled estimates) (million),2020,2020,million No,0.7,X,Figure from international organizations,
FS,Suite of Food Security Indicators,840,United States of America,6132,Value,210250,Number of children under 5 years of age who are stunted (modeled estimates) (million),2021,2021,million No,0.7,X,Figure from international organizations,
FS,Suite of Food Security Indicators,840,United States of America,6132,Value,210250,Number of children under 5 years of age who are stunted (modeled estimates) (million),2022,2022,million No,0.7,X,Figure from international organizations,
FS,Suite of Food Security Indicators,840,United States of America,6121,Value,21041,Percentage of children under 5 years of age who are overweight (modelled estimates) (percent),2010,2010,%,8.3,X,Figure from international organizations,
FS,Suite of Food Security Indicators,840,United States of America,6121,Value,21041,Percentage of children under 5 years of age who are overweight (modelled estimates) (percent),2011,2011,%,8.4,X,Figure from international organizations,
FS,Suite of Food Security Indicators,840,United States of America,6121,Value,21041,Percentage of children under 5 years of age who are overweight (modelled estimates) (percent),2012,2012,%,8.4,X,Figure from international organizations,
FS,Suite of Food Security Indicators,840,United States of America,6121,Value,21041,Percentage of children under 5 years of age who are overweight (modelled estimates) (percent),2013,2013,%,8.4,X,Figure from international organizations,
FS,Suite of Food Security Indicators,840,United States of America,6121,Value,21041,Percentage of children under 5 years of age who are overweight (modelled estimates) (percent),2014,2014,%,8.4,X,Figure from international organizations,
FS,Suite of Food Security Indicators,840,United States of America,6121,Value,21041,Percentage of children under 5 years of age who are overweight (modelled estimates) (percent),2015,2015,%,8.4,X,Figure from international organizations,
FS,Suite of Food Security Indicators,840,United States of America,6121,Value,21041,Percentage of children under 5 years of age who are overweight (modelled estimates) (percent),2016,2016,%,8.3,X,Figure from international organizations,
FS,Suite of Food Security Indicators,840,United States of America,6121,Value,21041,Percentage of children under 5 years of age who are overweight (modelled estimates) (percent),2017,2017,%,8.3,X,Figure from international organizations,
FS,Suite of Food Security Indicators,840,United States of America,6121,Value,21041,Percentage of children under 5 years of age who are overweight (modelled estimates) (percent),2018,2018,%,8.2,X,Figure from international organizations,
FS,Suite of Food Security Indicators,840,United States of America,6121,Value,21041,Percentage of children under 5 years of age who are overweight (modelled estimates) (percent),2019,2019,%,8.1,X,Figure from international organizations,
FS,Suite of Food Security Indicators,840,United States of America,6121,Value,21041,Percentage of children under 5 years of age who are overweight (modelled estimates) (percent),2020,2020,%,8.1,X,Figure from international organizations,
FS,Suite of Food Security Indicators,840,United States of America,6121,Value,21041,Percentage of children under 5 years of age who are overweight (modelled estimates) (percent),2021,2021,%,8,X,Figure from international organizations,
FS,Suite of Food Security Indicators,840,United States of America,6121,Value,21041,Percentage of children under 5 years of age who are overweight (modelled estimates) (percent),2022,2022,%,7.9,X,Figure from international organizations,
FS,Suite of Food Security Indicators,840,United States of America,6132,Value,210410,Number of children under 5 years of age who are overweight (modeled estimates) (million),2010,2010,million No,1.7,X,Figure from international organizations,
FS,Suite of Food Security Indicators,840,United States of America,6132,Value,210410,Number of children under 5 years of age who are overweight (modeled estimates) (million),2011,2011,million No,1.7,X,Figure from international organizations,
FS,Suite of Food Security Indicators,840,United States of America,6132,Value,210410,Number of children under 5 years of age who are overweight (modeled estimates) (million),2012,2012,million No,1.7,X,Figure from international organizations,
FS,Suite of Food Security Indicators,840,United States of America,6132,Value,210410,Number of children under 5 years of age who are overweight (modeled estimates) (million),2013,2013,million No,1.7,X,Figure from international organizations,
FS,Suite of Food Security Indicators,840,United States of America,6132,Value,210410,Number of children under 5 years of age who are overweight (modeled estimates) (million),2014,2014,million No,1.7,X,Figure from international organizations,
FS,Suite of Food Security Indicators,840,United States of America,6132,Value,210410,Number of children under 5 years of age who are overweight (modeled estimates) (million),2015,2015,million No,1.7,X,Figure from international organizations,
FS,Suite of Food Security Indicators,840,United States of America,6132,Value,210410,Number of children under 5 years of age who are overweight (modeled estimates) (million),2016,2016,million No,1.7,X,Figure from international organizations,
FS,Suite of Food Security Indicators,840,United States of America,6132,Value,210410,Number of children under 5 years of age who are overweight (modeled estimates) (million),2017,2017,million No,1.7,X,Figure from international organizations,
FS,Suite of Food Security Indicators,840,United States of America,6132,Value,210410,Number of children under 5 years of age who are overweight (modeled estimates) (million),2018,2018,million No,1.6,X,Figure from international organizations,
FS,Suite of Food Security Indicators,840,United States of America,6132,Value,210410,Number of children under 5 years of age who are overweight (modeled estimates) (million),2019,2019,million No,1.6,X,Figure from international organizations,
FS,Suite of Food Security Indicators,840,United States of America,6132,Value,210410,Number of children under 5 years of age who are overweight (modeled estimates) (million),2020,2020,million No,1.6,X,Figure from international organizations,
FS,Suite of Food Security Indicators,840,United States of America,6132,Value,210410,Number of children under 5 years of age who are overweight (modeled estimates) (million),2021,2021,million No,1.5,X,Figure from international organizations,
FS,Suite of Food Security Indicators,840,United States of America,6132,Value,210410,Number of children under 5 years of age who are overweight (modeled estimates) (million),2022,2022,million No,1.5,X,Figure from international organizations,
FS,Suite of Food Security Indicators,840,United States of America,6121,Value,21042,Prevalence of obesity in the adult population (18 years and older),2010,2010,%,32.3,X,Figure from international organizations,
FS,Suite of Food Security Indicators,840,United States of America,6121,Value,21042,Prevalence of obesity in the adult population (18 years and older),2011,2011,%,33,X,Figure from international organizations,
FS,Suite of Food Security Indicators,840,United States of America,6121,Value,21042,Prevalence of obesity in the adult population (18 years and older),2012,2012,%,33.6,X,Figure from international organizations,
FS,Suite of Food Security Indicators,840,United States of America,6121,Value,21042,Prevalence of obesity in the adult population (18 years and older),2013,2013,%,34.3,X,Figure from international organizations,
FS,Suite of Food Security Indicators,840,United States of America,6121,Value,21042,Prevalence of obesity in the adult population (18 years and older),2014,2014,%,34.9,X,Figure from international organizations,
FS,Suite of Food Security Indicators,840,United States of America,6121,Value,21042,Prevalence of obesity in the adult population (18 years and older),2015,2015,%,35.6,X,Figure from international organizations,
FS,Suite of Food Security Indicators,840,United States of America,6121,Value,21042,Prevalence of obesity in the adult population (18 years and older),2016,2016,%,36.2,X,Figure from international organizations,
FS,Suite of Food Security Indicators,840,United States of America,6132,Value,210420,Number of obese adults (18 years and older) (million),2010,2010,million No,75.4,X,Figure from international organizations,
FS,Suite of Food Security Indicators,840,United States of America,6132,Value,210420,Number of obese adults (18 years and older) (million),2011,2011,million No,77.9,X,Figure from international organizations,
FS,Suite of Food Security Indicators,840,United States of America,6132,Value,210420,Number of obese adults (18 years and older) (million),2012,2012,million No,80.2,X,Figure from international organizations,
FS,Suite of Food Security Indicators,840,United States of America,6132,Value,210420,Number of obese adults (18 years and older) (million),2013,2013,million No,82.7,X,Figure from international organizations,
FS,Suite of Food Security Indicators,840,United States of America,6132,Value,210420,Number of obese adults (18 years and older) (million),2014,2014,million No,85.1,X,Figure from international organizations,
FS,Suite of Food Security Indicators,840,United States of America,6132,Value,210420,Number of obese adults (18 years and older) (million),2015,2015,million No,87.7,X,Figure from international organizations,
FS,Suite of Food Security Indicators,840,United States of America,6132,Value,210420,Number of obese adults (18 years and older) (million),2016,2016,million No,90.1,X,Figure from international organizations,
FS,Suite of Food Security Indicators,840,United States of America,6121,Value,21043,Prevalence of anemia among women of reproductive age (15-49 years),2010,2010,%,9.5,X,Figure from international organizations,
FS,Suite of Food Security Indicators,840,United States of America,6121,Value,21043,Prevalence of anemia among women of reproductive age (15-49 years),2011,2011,%,9.8,X,Figure from international organizations,
FS,Suite of Food Security Indicators,840,United States of America,6121,Value,21043,Prevalence of anemia among women of reproductive age (15-49 years),2012,2012,%,10,X,Figure from international organizations,
FS,Suite of Food Security Indicators,840,United States of America,6121,Value,21043,Prevalence of anemia among women of reproductive age (15-49 years),2013,2013,%,10.3,X,Figure from international organizations,
FS,Suite of Food Security Indicators,840,United States of America,6121,Value,21043,Prevalence of anemia among women of reproductive age (15-49 years),2014,2014,%,10.5,X,Figure from international organizations,
FS,Suite of Food Security Indicators,840,United States of America,6121,Value,21043,Prevalence of anemia among women of reproductive age (15-49 years),2015,2015,%,10.7,X,Figure from international organizations,
FS,Suite of Food Security Indicators,840,United States of America,6121,Value,21043,Prevalence of anemia among women of reproductive age (15-49 years),2016,2016,%,11,X,Figure from international organizations,
FS,Suite of Food Security Indicators,840,United States of America,6121,Value,21043,Prevalence of anemia among women of reproductive age (15-49 years),2017,2017,%,11.2,X,Figure from international organizations,
FS,Suite of Food Security Indicators,840,United States of America,6121,Value,21043,Prevalence of anemia among women of reproductive age (15-49 years),2018,2018,%,11.5,X,Figure from international organizations,
FS,Suite of Food Security Indicators,840,United States of America,6121,Value,21043,Prevalence of anemia among women of reproductive age (15-49 years),2019,2019,%,11.8,X,Figure from international organizations,
FS,Suite of Food Security Indicators,840,United States of America,6132,Value,210430,Number of women of reproductive age (15-49 years) affected by anemia (million),2010,2010,million No,6.9,X,Figure from international organizations,
FS,Suite of Food Security Indicators,840,United States of America,6132,Value,210430,Number of women of reproductive age (15-49 years) affected by anemia (million),2011,2011,million No,7.2,X,Figure from international organizations,
FS,Suite of Food Security Indicators,840,United States of America,6132,Value,210430,Number of women of reproductive age (15-49 years) affected by anemia (million),2012,2012,million No,7.4,X,Figure from international organizations,
FS,Suite of Food Security Indicators,840,United States of America,6132,Value,210430,Number of women of reproductive age (15-49 years) affected by anemia (million),2013,2013,million No,7.6,X,Figure from international organizations,
FS,Suite of Food Security Indicators,840,United States of America,6132,Value,210430,Number of women of reproductive age (15-49 years) affected by anemia (million),2014,2014,million No,7.8,X,Figure from international organizations,
FS,Suite of Food Security Indicators,840,United States of America,6132,Value,210430,Number of women of reproductive age (15-49 years) affected by anemia (million),2015,2015,million No,8,X,Figure from international organizations,
FS,Suite of Food Security Indicators,840,United States of America,6132,Value,210430,Number of women of reproductive age (15-49 years) affected by anemia (million),2016,2016,million No,8.1,X,Figure from international organizations,
FS,Suite of Food Security Indicators,840,United States of America,6132,Value,210430,Number of women of reproductive age (15-49 years) affected by anemia (million),2017,2017,million No,8.3,X,Figure from international organizations,
FS,Suite of Food Security Indicators,840,United States of America,6132,Value,210430,Number of women of reproductive age (15-49 years) affected by anemia (million),2018,2018,million No,8.6,X,Figure from international organizations,
FS,Suite of Food Security Indicators,840,United States of America,6132,Value,210430,Number of women of reproductive age (15-49 years) affected by anemia (million),2019,2019,million No,8.9,X,Figure from international organizations,
FS,Suite of Food Security Indicators,840,United States of America,6121,Value,21044,Prevalence of exclusive breastfeeding among infants 0-5 months of age,2010,2010,%,23.3,X,Figure from international organizations,
FS,Suite of Food Security Indicators,840,United States of America,6121,Value,21044,Prevalence of exclusive breastfeeding among infants 0-5 months of age,2012,2012,%,25.5,X,Figure from international organizations,
FS,Suite of Food Security Indicators,840,United States of America,6121,Value,21044,Prevalence of exclusive breastfeeding among infants 0-5 months of age,2014,2014,%,26.4,X,Figure from international organizations,
FS,Suite of Food Security Indicators,840,United States of America,6121,Value,21044,Prevalence of exclusive breastfeeding among infants 0-5 months of age,2016,2016,%,34.7,X,Figure from international organizations,
FS,Suite of Food Security Indicators,840,United States of America,6121,Value,21044,Prevalence of exclusive breastfeeding among infants 0-5 months of age,2018,2018,%,25.8,X,Figure from international organizations,
FS,Suite of Food Security Indicators,840,United States of America,6121,Value,21049,Prevalence of low birthweight (percent),2010,2010,%,8.1,X,Figure from international organizations,
FS,Suite of Food Security Indicators,840,United States of America,6121,Value,21049,Prevalence of low birthweight (percent),2011,2011,%,8.1,X,Figure from international organizations,
FS,Suite of Food Security Indicators,840,United States of America,6121,Value,21049,Prevalence of low birthweight (percent),2012,2012,%,8.2,X,Figure from international organizations,
FS,Suite of Food Security Indicators,840,United States of America,6121,Value,21049,Prevalence of low birthweight (percent),2013,2013,%,8.2,X,Figure from international organizations,
FS,Suite of Food Security Indicators,840,United States of America,6121,Value,21049,Prevalence of low birthweight (percent),2014,2014,%,8.2,X,Figure from international organizations,
FS,Suite of Food Security Indicators,840,United States of America,6121,Value,21049,Prevalence of low birthweight (percent),2015,2015,%,8.2,X,Figure from international organizations,
FS,Suite of Food Security Indicators,840,United States of America,6121,Value,21049,Prevalence of low birthweight (percent),2016,2016,%,8.2,X,Figure from international organizations,
FS,Suite of Food Security Indicators,840,United States of America,6121,Value,21049,Prevalence of low birthweight (percent),2017,2017,%,8.2,X,Figure from international organizations,
FS,Suite of Food Security Indicators,840,United States of America,6121,Value,21049,Prevalence of low birthweight (percent),2018,2018,%,8.2,X,Figure from international organizations,
FS,Suite of Food Security Indicators,840,United States of America,6121,Value,21049,Prevalence of low birthweight (percent),2019,2019,%,8.2,X,Figure from international organizations,
FS,Suite of Food Security Indicators,840,United States of America,6121,Value,21049,Prevalence of low birthweight (percent),2020,2020,%,8.3,X,Figure from international organizations,
FS,Suite of Food Security Indicators,840,United States of America,6132,Value,210490,Number of newborns with low birthweight (million),2010,2010,million No,0.3,X,Figure from international organizations,
FS,Suite of Food Security Indicators,840,United States of America,6132,Value,210490,Number of newborns with low birthweight (million),2011,2011,million No,0.3,X,Figure from international organizations,
FS,Suite of Food Security Indicators,840,United States of America,6132,Value,210490,Number of newborns with low birthweight (million),2012,2012,million No,0.3,X,Figure from international organizations,
FS,Suite of Food Security Indicators,840,United States of America,6132,Value,210490,Number of newborns with low birthweight (million),2013,2013,million No,0.3,X,Figure from international organizations,
FS,Suite of Food Security Indicators,840,United States of America,6132,Value,210490,Number of newborns with low birthweight (million),2014,2014,million No,0.3,X,Figure from international organizations,
FS,Suite of Food Security Indicators,840,United States of America,6132,Value,210490,Number of newborns with low birthweight (million),2015,2015,million No,0.3,X,Figure from international organizations,
FS,Suite of Food Security Indicators,840,United States of America,6132,Value,210490,Number of newborns with low birthweight (million),2016,2016,million No,0.3,X,Figure from international organizations,
FS,Suite of Food Security Indicators,840,United States of America,6132,Value,210490,Number of newborns with low birthweight (million),2017,2017,million No,0.3,X,Figure from international organizations,
FS,Suite of Food Security Indicators,840,United States of America,6132,Value,210490,Number of newborns with low birthweight (million),2018,2018,million No,0.3,X,Figure from international organizations,
FS,Suite of Food Security Indicators,840,United States of America,6132,Value,210490,Number of newborns with low birthweight (million),2019,2019,million No,0.3,X,Figure from international organizations,
FS,Suite of Food Security Indicators,840,United States of America,6132,Value,210490,Number of newborns with low birthweight (million),2020,2020,million No,0.3,X,Figure from international organizations,
FS,Suite of Food Security Indicators,840,United States of America,6128,Value,21056,Minimum dietary energy requirement  (kcal/cap/day),2010,2010,kcal/pc/d,1958,E,Estimated value,
FS,Suite of Food Security Indicators,840,United States of America,6128,Value,21056,Minimum dietary energy requirement  (kcal/cap/day),2011,2011,kcal/pc/d,1958,E,Estimated value,
FS,Suite of Food Security Indicators,840,United States of America,6128,Value,21056,Minimum dietary energy requirement  (kcal/cap/day),2012,2012,kcal/pc/d,1957,E,Estimated value,
FS,Suite of Food Security Indicators,840,United States of America,6128,Value,21056,Minimum dietary energy requirement  (kcal/cap/day),2013,2013,kcal/pc/d,1958,E,Estimated value,
FS,Suite of Food Security Indicators,840,United States of America,6128,Value,21056,Minimum dietary energy requirement  (kcal/cap/day),2014,2014,kcal/pc/d,1958,E,Estimated value,
FS,Suite of Food Security Indicators,840,United States of America,6128,Value,21056,Minimum dietary energy requirement  (kcal/cap/day),2015,2015,kcal/pc/d,1958,E,Estimated value,
FS,Suite of Food Security Indicators,840,United States of America,6128,Value,21056,Minimum dietary energy requirement  (kcal/cap/day),2016,2016,kcal/pc/d,1957,E,Estimated value,
FS,Suite of Food Security Indicators,840,United States of America,6128,Value,21056,Minimum dietary energy requirement  (kcal/cap/day),2017,2017,kcal/pc/d,1957,E,Estimated value,
FS,Suite of Food Security Indicators,840,United States of America,6128,Value,21056,Minimum dietary energy requirement  (kcal/cap/day),2018,2018,kcal/pc/d,1958,E,Estimated value,
FS,Suite of Food Security Indicators,840,United States of America,6128,Value,21056,Minimum dietary energy requirement  (kcal/cap/day),2019,2019,kcal/pc/d,1958,E,Estimated value,
FS,Suite of Food Security Indicators,840,United States of America,6128,Value,21056,Minimum dietary energy requirement  (kcal/cap/day),2020,2020,kcal/pc/d,1959,E,Estimated value,
FS,Suite of Food Security Indicators,840,United States of America,6128,Value,21056,Minimum dietary energy requirement  (kcal/cap/day),2021,2021,kcal/pc/d,1960,E,Estimated value,
FS,Suite of Food Security Indicators,840,United States of America,6128,Value,21056,Minimum dietary energy requirement  (kcal/cap/day),2022,2022,kcal/pc/d,1960,E,Estimated value,
FS,Suite of Food Security Indicators,840,United States of America,6128,Value,21057,Average dietary energy requirement (kcal/cap/day),2010,2010,kcal/pc/d,2551,E,Estimated value,
FS,Suite of Food Security Indicators,840,United States of America,6128,Value,21057,Average dietary energy requirement (kcal/cap/day),2011,2011,kcal/pc/d,2551,E,Estimated value,
FS,Suite of Food Security Indicators,840,United States of America,6128,Value,21057,Average dietary energy requirement (kcal/cap/day),2012,2012,kcal/pc/d,2551,E,Estimated value,
FS,Suite of Food Security Indicators,840,United States of America,6128,Value,21057,Average dietary energy requirement (kcal/cap/day),2013,2013,kcal/pc/d,2552,E,Estimated value,
FS,Suite of Food Security Indicators,840,United States of America,6128,Value,21057,Average dietary energy requirement (kcal/cap/day),2014,2014,kcal/pc/d,2552,E,Estimated value,
FS,Suite of Food Security Indicators,840,United States of America,6128,Value,21057,Average dietary energy requirement (kcal/cap/day),2015,2015,kcal/pc/d,2552,E,Estimated value,
FS,Suite of Food Security Indicators,840,United States of America,6128,Value,21057,Average dietary energy requirement (kcal/cap/day),2016,2016,kcal/pc/d,2553,E,Estimated value,
FS,Suite of Food Security Indicators,840,United States of America,6128,Value,21057,Average dietary energy requirement (kcal/cap/day),2017,2017,kcal/pc/d,2553,E,Estimated value,
FS,Suite of Food Security Indicators,840,United States of America,6128,Value,21057,Average dietary energy requirement (kcal/cap/day),2018,2018,kcal/pc/d,2554,E,Estimated value,
FS,Suite of Food Security Indicators,840,United States of America,6128,Value,21057,Average dietary energy requirement (kcal/cap/day),2019,2019,kcal/pc/d,2555,E,Estimated value,
FS,Suite of Food Security Indicators,840,United States of America,6128,Value,21057,Average dietary energy requirement (kcal/cap/day),2020,2020,kcal/pc/d,2556,E,Estimated value,
FS,Suite of Food Security Indicators,840,United States of America,6128,Value,21057,Average dietary energy requirement (kcal/cap/day),2021,2021,kcal/pc/d,2557,E,Estimated value,
FS,Suite of Food Security Indicators,840,United States of America,6128,Value,21057,Average dietary energy requirement (kcal/cap/day),2022,2022,kcal/pc/d,2558,E,Estimated value,
FS,Suite of Food Security Indicators,840,United States of America,6173,Value,21058,Coefficient of variation of habitual caloric consumption distribution (real number),2010,2010,No,0.17,E,Estimated value,
FS,Suite of Food Security Indicators,840,United States of America,6173,Value,21058,Coefficient of variation of habitual caloric consumption distribution (real number),2011,2011,No,0.17,E,Estimated value,
FS,Suite of Food Security Indicators,840,United States of America,6173,Value,21058,Coefficient of variation of habitual caloric consumption distribution (real number),2012,2012,No,0.17,E,Estimated value,
FS,Suite of Food Security Indicators,840,United States of America,6173,Value,21058,Coefficient of variation of habitual caloric consumption distribution (real number),2013,2013,No,0.17,E,Estimated value,
FS,Suite of Food Security Indicators,840,United States of America,6173,Value,21058,Coefficient of variation of habitual caloric consumption distribution (real number),2014,2014,No,0.17,E,Estimated value,
FS,Suite of Food Security Indicators,840,United States of America,6173,Value,21058,Coefficient of variation of habitual caloric consumption distribution (real number),2015,2015,No,0.17,E,Estimated value,
FS,Suite of Food Security Indicators,840,United States of America,6173,Value,21058,Coefficient of variation of habitual caloric consumption distribution (real number),2016,2016,No,0.17,E,Estimated value,
FS,Suite of Food Security Indicators,840,United States of America,6173,Value,21058,Coefficient of variation of habitual caloric consumption distribution (real number),2017,2017,No,0.17,E,Estimated value,
FS,Suite of Food Security Indicators,840,United States of America,6173,Value,21058,Coefficient of variation of habitual caloric consumption distribution (real number),2018,2018,No,0.17,E,Estimated value,
FS,Suite of Food Security Indicators,840,United States of America,6173,Value,21058,Coefficient of variation of habitual caloric consumption distribution (real number),2019,2019,No,0.17,E,Estimated value,
FS,Suite of Food Security Indicators,840,United States of America,6173,Value,21058,Coefficient of variation of habitual caloric consumption distribution (real number),2020,2020,No,0.17,E,Estimated value,
FS,Suite of Food Security Indicators,840,United States of America,6173,Value,21058,Coefficient of variation of habitual caloric consumption distribution (real number),2021,2021,No,0.17,E,Estimated value,
FS,Suite of Food Security Indicators,840,United States of America,6173,Value,21058,Coefficient of variation of habitual caloric consumption distribution (real number),2022,2022,No,0.17,E,Estimated value,
FS,Suite of Food Security Indicators,840,United States of America,6121,Value,21059,Incidence of caloric losses at retail distribution level (percent),2010,2010,%,1.86,E,Estimated value,
FS,Suite of Food Security Indicators,840,United States of America,6121,Value,21059,Incidence of caloric losses at retail distribution level (percent),2011,2011,%,1.85,E,Estimated value,
FS,Suite of Food Security Indicators,840,United States of America,6121,Value,21059,Incidence of caloric losses at retail distribution level (percent),2012,2012,%,1.86,E,Estimated value,
FS,Suite of Food Security Indicators,840,United States of America,6121,Value,21059,Incidence of caloric losses at retail distribution level (percent),2013,2013,%,1.86,E,Estimated value,
FS,Suite of Food Security Indicators,840,United States of America,6121,Value,21059,Incidence of caloric losses at retail distribution level (percent),2014,2014,%,1.86,E,Estimated value,
FS,Suite of Food Security Indicators,840,United States of America,6121,Value,21059,Incidence of caloric losses at retail distribution level (percent),2015,2015,%,1.86,E,Estimated value,
FS,Suite of Food Security Indicators,840,United States of America,6121,Value,21059,Incidence of caloric losses at retail distribution level (percent),2016,2016,%,1.86,E,Estimated value,
FS,Suite of Food Security Indicators,840,United States of America,6121,Value,21059,Incidence of caloric losses at retail distribution level (percent),2017,2017,%,1.86,E,Estimated value,
FS,Suite of Food Security Indicators,840,United States of America,6121,Value,21059,Incidence of caloric losses at retail distribution level (percent),2018,2018,%,1.86,E,Estimated value,
FS,Suite of Food Security Indicators,840,United States of America,6121,Value,21059,Incidence of caloric losses at retail distribution level (percent),2019,2019,%,1.86,E,Estimated value,
FS,Suite of Food Security Indicators,840,United States of America,6121,Value,21059,Incidence of caloric losses at retail distribution level (percent),2020,2020,%,1.86,E,Estimated value,
FS,Suite of Food Security Indicators,840,United States of America,6121,Value,21059,Incidence of caloric losses at retail distribution level (percent),2021,2021,%,1.86,E,Estimated value,
FS,Suite of Food Security Indicators,840,United States of America,6121,Value,21059,Incidence of caloric losses at retail distribution level (percent),2022,2022,%,1.86,E,Estimated value,
FS,Suite of Food Security Indicators,840,United States of America,6123,Value,21061,Average fat supply (g/cap/day) (3-year average),20092011,2009-2011,g/pc/d,160.3,E,Estimated value,
FS,Suite of Food Security Indicators,840,United States of America,6123,Value,21061,Average fat supply (g/cap/day) (3-year average),20102012,2010-2012,g/pc/d,161.3,E,Estimated value,
FS,Suite of Food Security Indicators,840,United States of America,6123,Value,21061,Average fat supply (g/cap/day) (3-year average),20112013,2011-2013,g/pc/d,161.8,E,Estimated value,
FS,Suite of Food Security Indicators,840,United States of America,6123,Value,21061,Average fat supply (g/cap/day) (3-year average),20122014,2012-2014,g/pc/d,162.3,E,Estimated value,
FS,Suite of Food Security Indicators,840,United States of America,6123,Value,21061,Average fat supply (g/cap/day) (3-year average),20132015,2013-2015,g/pc/d,163.2,E,Estimated value,
FS,Suite of Food Security Indicators,840,United States of America,6123,Value,21061,Average fat supply (g/cap/day) (3-year average),20142016,2014-2016,g/pc/d,164.9,E,Estimated value,
FS,Suite of Food Security Indicators,840,United States of America,6123,Value,21061,Average fat supply (g/cap/day) (3-year average),20152017,2015-2017,g/pc/d,166.5,E,Estimated value,
FS,Suite of Food Security Indicators,840,United States of America,6123,Value,21061,Average fat supply (g/cap/day) (3-year average),20162018,2016-2018,g/pc/d,171,E,Estimated value,
FS,Suite of Food Security Indicators,840,United States of America,6123,Value,21061,Average fat supply (g/cap/day) (3-year average),20172019,2017-2019,g/pc/d,176.4,E,Estimated value,
FS,Suite of Food Security Indicators,840,United States of America,6123,Value,21061,Average fat supply (g/cap/day) (3-year average),20182020,2018-2020,g/pc/d,181.7,E,Estimated value,